[
	{
		"matricula": 201,
		"nome": "Ursula Filho",
		"cargo": "Aux. Administrativo",
		"setor": "Administração",
		"pin": 1234
	},
	{
		"matricula": 202,
		"nome": "Naiara Bispo Bispo",
		"cargo": "Gerente Geral",
		"setor": "Administração",
		"pin": 4321
	},
	{
		"matricula": 203,
		"nome": "Douglas Alves Mattos",
		"cargo": "Pedreiro",
		"setor": "Manutenção",
		"pin": 1234
	},
	{
		"matricula": 204,
		"nome": "Marcos Martim Martins",
		"cargo": "Ajudante Geral",
		"setor": "Manutenção",
		"pin": 4321
	},
	{
		"matricula": 205,
		"nome": "Jaqueline Filho Teixeira",
		"cargo": "Carpinteiro",
		"setor": "Manutenção",
		"pin": 1234
	},
	{
		"matricula": 206,
		"nome": "Yago de Oliveira Matos",
		"cargo": "Eletricista",
		"setor": "Manutenção",
		"pin": 4321
	},
	{
		"matricula": 207,
		"nome": "Daniela Martins Sobrinho",
		"cargo": "Encanador",
		"setor": "Manutenção",
		"pin": 1234
	},
	{
		"matricula": 208,
		"nome": "Ursula da Silva Filho",
		"cargo": "Recepcionista",
		"setor": "Recepção",
		"pin": 4321
	},
	{
		"matricula": 209,
		"nome": "Ana Alves",
		"cargo": "Aux. Limpeza",
		"setor": "Manutenção",
		"pin": 1234
	},
	{
		"matricula": 210,
		"nome": "Zélia Mattos",
		"cargo": "Téc. Contabilidade",
		"setor": "Contabilidade",
		"pin": 4321
	}
]