[
	{
		"id": 1,
		"os": 1,
		"colaborador": 201,
		"data": "2023-09-26T08:56:00.000Z",
		"comentario": "Falta vedarosca"
	},
	{
		"id": 2,
		"os": 1,
		"colaborador": 207,
		"data": "2023-09-27T08:56:00.000Z",
		"comentario": "Concluído com sucesso"
	},
	{
		"id": 3,
		"os": 2,
		"colaborador": 205,
		"data": "2023-09-27T08:56:00.000Z",
		"comentario": "Falta parafusos"
	},
	{
		"id": 4,
		"os": 2,
		"colaborador": 205,
		"data": "2023-09-28T08:56:00.000Z",
		"comentario": "Concluído com resalvas"
	},
	{
		"id": 5,
		"os": 3,
		"colaborador": 205,
		"data": "2023-09-30T08:56:00.000Z",
		"comentario": "Parcialmente concluído"
	},
	{
		"id": 6,
		"os": 4,
		"colaborador": 207,
		"data": "2023-09-28T06:56:00.000Z",
		"comentario": "Concluído com sucesso"
	},
	{
		"id": 7,
		"os": 5,
		"colaborador": 204,
		"data": "2023-10-03T06:56:00.000Z",
		"comentario": "Concluído com sucesso"
	},
	{
		"id": 8,
		"os": 6,
		"colaborador": 204,
		"data": "2023-10-05T08:56:00.000Z",
		"comentario": "Concluído com sucesso"
	},
	{
		"id": 9,
		"os": 7,
		"colaborador": 206,
		"data": "2023-10-05T18:56:00.000Z",
		"comentario": "Concluído com sucesso"
	},
	{
		"id": 10,
		"os": 8,
		"colaborador": 203,
		"data": "2023-10-06T14:56:00.000Z",
		"comentario": "Concluído com sucesso"
	},
	{
		"id": 11,
		"os": 9,
		"colaborador": 203,
		"data": "2023-10-11T19:56:00.000Z",
		"comentario": "Parcialmente concluído"
	},
	{
		"id": 12,
		"os": 10,
		"colaborador": 206,
		"data": "2023-10-16T16:56:00.000Z",
		"comentario": "Concluído com sucesso"
	},
	{
		"id": 13,
		"os": 11,
		"colaborador": 203,
		"data": "2023-10-17T00:56:00.000Z",
		"comentario": "Concluído com resalvas"
	},
	{
		"id": 14,
		"os": 12,
		"colaborador": 206,
		"data": "2023-10-16T22:56:00.000Z",
		"comentario": "Parcialmente concluído"
	},
	{
		"id": 15,
		"os": 13,
		"colaborador": 207,
		"data": "2023-10-16T18:56:00.000Z",
		"comentario": "Concluído com sucesso"
	},
	{
		"id": 16,
		"os": 14,
		"colaborador": 205,
		"data": "2023-10-16T14:56:00.000Z",
		"comentario": "Concluído com sucesso"
	},
	{
		"id": 17,
		"os": 15,
		"colaborador": 205,
		"data": "2023-10-17T10:56:00.000Z",
		"comentario": "Concluído com sucesso"
	},
	{
		"id": 18,
		"os": 16,
		"colaborador": 207,
		"data": "2023-10-17T10:56:00.000Z",
		"comentario": "Concluído com sucesso"
	},
	{
		"id": 19,
		"os": 17,
		"colaborador": 206,
		"data": "2023-10-17T20:56:00.000Z",
		"comentario": "Concluído com sucesso"
	},
	{
		"id": 20,
		"os": 18,
		"colaborador": 204,
		"data": "2023-10-18T16:56:00.000Z",
		"comentario": "Parcialmente concluído"
	},
	{
		"id": 21,
		"os": 19,
		"colaborador": 206,
		"data": "2023-10-19T02:56:00.000Z",
		"comentario": "Concluído"
	},
	{
		"id": 22,
		"os": 20,
		"colaborador": 209,
		"data": "2023-10-19T02:56:00.000Z",
		"comentario": "Concluído"
	},
	{
		"id": 23,
		"os": 21,
		"colaborador": 203,
		"data": "2023-10-19T09:56:00.000Z",
		"comentario": "Concluído"
	},
	{
		"id": 24,
		"os": 22,
		"colaborador": 206,
		"data": "2023-10-19T09:56:00.000Z",
		"comentario": "Concluído"
	},
	{
		"id": 25,
		"os": 23,
		"colaborador": 203,
		"data": "2023-10-18T21:56:00.000Z",
		"comentario": "Concluído"
	},
	{
		"id": 26,
		"os": 24,
		"colaborador": 206,
		"data": "2023-10-19T09:56:00.000Z",
		"comentario": "Concluído"
	},
	{
		"id": 27,
		"os": 25,
		"colaborador": 201,
		"data": "2023-10-19T01:56:00.000Z",
		"comentario": "Falta vedarosca"
	},
	{
		"id": 28,
		"os": 25,
		"colaborador": 207,
		"data": "2023-10-19T09:56:00.000Z",
		"comentario": "Concluído com sucesso"
	},
	{
		"id": 29,
		"os": 26,
		"colaborador": 205,
		"data": "2023-10-18T21:56:00.000Z",
		"comentario": "Falta parafusos"
	},
	{
		"id": 30,
		"os": 26,
		"colaborador": 205,
		"data": "2023-10-19T01:56:00.000Z",
		"comentario": "Concluído com resalvas"
	},
	{
		"id": 31,
		"os": 27,
		"colaborador": 205,
		"data": "2023-10-19T01:56:00.000Z",
		"comentario": "Parcialmente concluído"
	},
	{
		"id": 32,
		"os": 28,
		"colaborador": 207,
		"data": "2023-10-20T15:56:00.000Z",
		"comentario": "Concluído com sucesso"
	},
	{
		"id": 33,
		"os": 29,
		"colaborador": 204,
		"data": "2023-10-21T03:56:00.000Z",
		"comentario": "Concluído com sucesso"
	},
	{
		"id": 34,
		"os": 30,
		"colaborador": 204,
		"data": "2023-10-21T05:56:00.000Z",
		"comentario": "Concluído com sucesso"
	},
	{
		"id": 35,
		"os": 31,
		"colaborador": 206,
		"data": "2023-10-20T23:56:00.000Z",
		"comentario": "Concluído com sucesso"
	},
	{
		"id": 36,
		"os": 32,
		"colaborador": 203,
		"data": "2023-10-20T22:56:00.000Z",
		"comentario": "Concluído com sucesso"
	},
	{
		"id": 37,
		"os": 33,
		"colaborador": 203,
		"data": "2023-10-22T03:56:00.000Z",
		"comentario": "Parcialmente concluído"
	},
	{
		"id": 38,
		"os": 34,
		"colaborador": 206,
		"data": "2023-10-23T16:56:00.000Z",
		"comentario": "Concluído com sucesso"
	},
	{
		"id": 39,
		"os": 35,
		"colaborador": 203,
		"data": "2023-10-23T01:56:00.000Z",
		"comentario": "Concluído com resalvas"
	},
	{
		"id": 40,
		"os": 36,
		"colaborador": 206,
		"data": "2023-10-24T04:56:00.000Z",
		"comentario": "Parcialmente concluído"
	},
	{
		"id": 41,
		"os": 37,
		"colaborador": 207,
		"data": "2023-10-24T07:56:00.000Z",
		"comentario": "Concluído com sucesso"
	},
	{
		"id": 42,
		"os": 38,
		"colaborador": 205,
		"data": "2023-10-23T14:56:00.000Z",
		"comentario": "Concluído com sucesso"
	},
	{
		"id": 43,
		"os": 39,
		"colaborador": 205,
		"data": "2023-10-24T10:56:00.000Z",
		"comentario": "Concluído com sucesso"
	},
	{
		"id": 44,
		"os": 40,
		"colaborador": 207,
		"data": "2023-10-26T01:56:00.000Z",
		"comentario": "Concluído com sucesso"
	},
	{
		"id": 45,
		"os": 41,
		"colaborador": 206,
		"data": "2023-10-24T18:56:00.000Z",
		"comentario": "Concluído com sucesso"
	},
	{
		"id": 46,
		"os": 42,
		"colaborador": 204,
		"data": "2023-10-25T01:56:00.000Z",
		"comentario": "Parcialmente concluído"
	},
	{
		"id": 47,
		"os": 43,
		"colaborador": 206,
		"data": "2023-10-25T20:56:00.000Z",
		"comentario": "Aguardando material"
	},
	{
		"id": 48,
		"os": 44,
		"colaborador": 209,
		"data": "2023-10-27T11:56:00.000Z",
		"comentario": "Aguardando material"
	},
	{
		"id": 49,
		"os": 45,
		"colaborador": 203,
		"data": "2023-10-27T20:56:00.000Z",
		"comentario": "Aguardando material"
	},
	{
		"id": 50,
		"os": 46,
		"colaborador": 206,
		"data": "2023-10-28T16:56:00.000Z",
		"comentario": "Aguardando material"
	},
	{
		"id": 51,
		"os": 47,
		"colaborador": 203,
		"data": "2023-10-28T21:56:00.000Z",
		"comentario": "Aguardando material"
	},
	{
		"id": 52,
		"os": 48,
		"colaborador": 206,
		"data": "2023-10-28T21:56:00.000Z",
		"comentario": "Aguardando material"
	}
]