[
	{
		"id": 6,
		"descricao": "Instalação de lâmpada de emergência no corredor",
		"colaborador": 202,
		"executor": 204,
		"abertura": "2023-10-04T22:56:00.000Z",
		"encerramento": "2023-10-05T18:56:00.000Z"
	},
	{
		"id": 7,
		"descricao": "Instalação de tomada 220v na administração",
		"colaborador": 203,
		"executor": 206,
		"abertura": "2023-10-05T13:56:00.000Z",
		"encerramento": "2023-10-06T14:56:00.000Z"
	},
	{
		"id": 9,
		"descricao": "Pintura do poste da garagem",
		"colaborador": 204,
		"executor": 203,
		"abertura": "2023-10-04T02:31:00.000Z",
		"encerramento": "2023-10-07T13:30:00.000Z"
	},
	{
		"id": 10,
		"descricao": "Instalação de refletores no estacionamento",
		"colaborador": 205,
		"executor": 206,
		"abertura": "2023-10-04T12:31:00.000Z",
		"encerramento": "2023-10-08T02:18:00.000Z"
	},
	{
		"id": 11,
		"descricao": "Construção de uma porta adicional na sala da diretoria",
		"colaborador": 202,
		"executor": 203,
		"abertura": "2023-10-04T15:30:00.000Z",
		"encerramento": "2023-10-08T01:10:00.000Z"
	},
	{
		"id": 12,
		"descricao": "Instalação de tomadas na sala de descanso",
		"colaborador": 210,
		"executor": 206,
		"abertura": "2023-10-05T00:58:00.000Z",
		"encerramento": "2023-10-07T23:28:00.000Z"
	},
	{
		"id": 13,
		"descricao": "Troca da torneira da pia do refeitório",
		"colaborador": 203,
		"executor": 207,
		"abertura": "2023-10-05T08:10:00.000Z",
		"encerramento": "2023-10-07T16:41:00.000Z"
	},
	{
		"id": 14,
		"descricao": "Instalação do batente da porta da cozinha",
		"colaborador": 204,
		"executor": 205,
		"abertura": "2023-10-05T16:28:00.000Z",
		"encerramento": "2023-10-07T10:33:00.000Z"
	},
	{
		"id": 15,
		"descricao": "Instalação do batente da porta do banheiro feminino",
		"colaborador": 203,
		"executor": 205,
		"abertura": "2023-10-06T00:41:00.000Z",
		"encerramento": "2023-10-08T19:52:00.000Z"
	},
	{
		"id": 16,
		"descricao": "Troca da torneira da pia do banheiro feminino",
		"colaborador": 203,
		"executor": 207,
		"abertura": "2023-10-06T17:53:00.000Z",
		"encerramento": "2023-10-08T19:31:00.000Z"
	},
	{
		"id": 17,
		"descricao": "Instalação de lâmpada de emergência na recepção",
		"colaborador": 201,
		"executor": 206,
		"abertura": "2023-10-07T02:12:00.000Z",
		"encerramento": "2023-10-09T12:11:00.000Z"
	},
	{
		"id": 18,
		"descricao": "Instalação de lâmpada de emergência no corredor",
		"colaborador": 201,
		"executor": 204,
		"abertura": "2023-10-07T05:11:00.000Z",
		"encerramento": "2023-10-10T21:28:00.000Z"
	},
	{
		"id": 19,
		"descricao": "Instalação de tomada 220v na administração",
		"colaborador": 201,
		"executor": 206,
		"abertura": "2023-10-07T13:31:00.000Z",
		"encerramento": "2023-10-11T14:38:00.000Z"
	},
	{
		"id": 20,
		"descricao": "Limpeza pós obra na sala de reuniões",
		"colaborador": 202,
		"executor": 209,
		"abertura": "2023-10-07T16:48:00.000Z",
		"encerramento": "2023-10-11T14:08:00.000Z"
	},
	{
		"id": 21,
		"descricao": "Pintura do poste da garagem externa",
		"colaborador": 202,
		"executor": 203,
		"abertura": "2023-10-08T03:18:00.000Z",
		"encerramento": "2023-10-12T02:12:00.000Z"
	},
	{
		"id": 22,
		"descricao": "Instalação de refletores no estacionamento",
		"colaborador": 202,
		"executor": 206,
		"abertura": "2023-10-08T11:08:00.000Z",
		"encerramento": "2023-10-12T01:48:00.000Z"
	},
	{
		"id": 23,
		"descricao": "Construção de uma porta adicional na sala da contabilidade",
		"colaborador": 210,
		"executor": 203,
		"abertura": "2023-10-08T23:12:00.000Z",
		"encerramento": "2023-10-11T05:51:00.000Z"
	},
	{
		"id": 24,
		"descricao": "Instalação de tomadas na sala de reunição",
		"colaborador": 210,
		"executor": 206,
		"abertura": "2023-10-09T03:48:00.000Z",
		"encerramento": "2023-10-12T02:24:00.000Z"
	},
	{
		"id": 25,
		"descricao": "Troca da torneira da pia da cozinha",
		"colaborador": 201,
		"executor": 207,
		"abertura": "2023-10-09T12:11:00.000Z",
		"encerramento": "2023-10-12T02:28:00.000Z"
	},
	{
		"id": 26,
		"descricao": "Instalação do batente da porta do banheiro masculino",
		"colaborador": 201,
		"executor": 205,
		"abertura": "2023-10-11T03:04:00.000Z",
		"encerramento": "2023-10-11T13:10:00.000Z"
	},
	{
		"id": 27,
		"descricao": "Instalação do batente da porta do banheiro feminino",
		"colaborador": 201,
		"executor": 205,
		"abertura": "2023-10-11T08:08:00.000Z",
		"encerramento": "2023-10-11T13:07:00.000Z"
	},
	{
		"id": 28,
		"descricao": "Troca da torneira da pia do banheiro masculino",
		"colaborador": 202,
		"executor": 207,
		"abertura": "2023-10-12T15:50:00.000Z",
		"encerramento": "2023-10-14T03:54:00.000Z"
	},
	{
		"id": 29,
		"descricao": "Instalação de lâmpada de emergência na recepção",
		"colaborador": 202,
		"executor": 204,
		"abertura": "2023-10-13T01:47:00.000Z",
		"encerramento": "2023-10-15T00:04:00.000Z"
	},
	{
		"id": 30,
		"descricao": "Instalação de lâmpada de emergência no corredor",
		"colaborador": 202,
		"executor": 204,
		"abertura": "2023-10-13T12:54:00.000Z",
		"encerramento": "2023-10-15T03:25:00.000Z"
	},
	{
		"id": 31,
		"descricao": "Instalação de tomada 220v na administração",
		"colaborador": 203,
		"executor": 206,
		"abertura": "2023-10-13T16:24:00.000Z",
		"encerramento": "2023-10-14T17:31:00.000Z"
	},
	{
		"id": 32,
		"descricao": "Pintura das faixas da garagem",
		"colaborador": 201,
		"executor": 203,
		"abertura": "2023-10-14T04:05:00.000Z",
		"encerramento": "2023-10-14T15:28:00.000Z"
	},
	{
		"id": 33,
		"descricao": "Pintura do poste da garagem",
		"colaborador": 204,
		"executor": 203,
		"abertura": "2023-10-15T20:11:00.000Z",
		"encerramento": "2023-10-16T15:48:00.000Z"
	},
	{
		"id": 34,
		"descricao": "Instalação de refletores no estacionamento",
		"colaborador": 205,
		"executor": 206,
		"abertura": "2023-10-16T05:48:00.000Z",
		"encerramento": "2023-10-19T06:04:00.000Z"
	},
	{
		"id": 35,
		"descricao": "Construção de uma porta adicional na sala da diretoria",
		"colaborador": 202,
		"executor": 203,
		"abertura": "2023-10-17T11:48:00.000Z",
		"encerramento": "2023-10-18T05:06:00.000Z"
	},
	{
		"id": 36,
		"descricao": "Instalação de tomadas na sala de descanso",
		"colaborador": 210,
		"executor": 206,
		"abertura": "2023-10-18T03:24:00.000Z",
		"encerramento": "2023-10-20T01:56:00.000Z"
	},
	{
		"id": 37,
		"descricao": "Troca da torneira da pia do refeitório",
		"colaborador": 203,
		"executor": 207,
		"abertura": "2023-10-18T18:26:00.000Z",
		"encerramento": "2023-10-20T06:46:00.000Z"
	},
	{
		"id": 38,
		"descricao": "Instalação do batente da porta da cozinha",
		"colaborador": 204,
		"executor": 205,
		"abertura": "2023-10-18T21:36:00.000Z",
		"encerramento": "2023-10-19T02:24:00.000Z"
	},
	{
		"id": 39,
		"descricao": "Instalação do batente da porta do banheiro feminino",
		"colaborador": 203,
		"executor": 205,
		"abertura": "2023-10-19T10:46:00.000Z",
		"encerramento": "2023-10-20T11:43:00.000Z"
	},
	{
		"id": 40,
		"descricao": "Troca da torneira da pia do banheiro feminino",
		"colaborador": 203,
		"executor": 207,
		"abertura": "2023-10-19T22:24:48.000Z",
		"encerramento": "2023-10-23T04:51:48.000Z"
	},
	{
		"id": 41,
		"descricao": "Instalação de lâmpada de emergência na recepção",
		"colaborador": 201,
		"executor": 206,
		"abertura": "2023-10-20T23:23:48.000Z",
		"encerramento": "2023-10-21T01:10:48.000Z"
	},
	{
		"id": 42,
		"descricao": "Instalação de lâmpada de emergência no corredor",
		"colaborador": 201,
		"executor": 204,
		"abertura": "2023-10-21T11:11:48.000Z",
		"encerramento": "2023-10-21T12:28:48.000Z"
	}
]